전라북도,전라북도
전라북도,전북
전라남도,전라남도
전라남도,전남
경상북도,경상북도
경상북도,경북
경상남도,경상남도
경상남도,경남
충청북도,충청북도
충청북도,충북
충청남도,충청남도
충청남도,충남
제주특별자치도,제주특별자치도
제주특별자치도,제주도
서울특별시,서울특별시
서울특별시,서울시
부산광역시,부산광역시
부산광역시,부산시
대구광역시,대구광역시
대구광역시,대구시
인천광역시,인천광역시
인천광역시,인천시
광주광역시,광주광역시
광주광역시,광주시
대전광역시,대전광역시
대전광역시,대전시
울산광역시,울산광역시
울산광역시,울산시
세종특별자치시,세중특별자치시
세종특별자치시,세중시
경기도,경기도
강원도,강원도